user_id,comment
U01,The dashboard finally loads quickly after the update and the charts render correctly now.
U02,The dashboard finally loads quickly after the update and the charts render correctly now.
U03,The dashboard finally loads quickly after the update and the charts render correctly now.
U04,The dashboard finally loads quickly after the update and the charts render correctly now.
U05,The dashboard finally loads quickly after the update and the charts render correctly now.
U06,The dashboard finally loads quickly after the update and the charts render correctly now.
U07,The dashboard finally loads quickly after the update and the charts render correctly now.
U08,The dashboard finally loads quickly after the update and the charts render correctly now.
U09,The dashboard finally loads quickly after the update and the charts render correctly now.
U10,The dashboard finally loads quickly after the update and the charts render correctly now.
