theme_label,tier,occurrence,consistency,keywords,description
"Coaching Scaffolding and Goal Setting",high,3,1,"goal-setting; feedback; reflection; confidence survey; goal agreed; specific feedback; student-centred; recap","Coaching sessions consistently involve identifying student-centred goals, sharing resources or strategies, and giving specific feedback, which supports teachers in shifting toward dialogic practice."
"Coaching through observation and specific feedback",high,3,1,"video observation; specific feedback; goal setting; coaching; goal; feedback; impact; video analysis","Coaches use video analysis and targeted feedback to identify progress and set goals, enabling focused and effective coaching conversations that support teachers in implementing dialogic strategies."
"Coaching strategies for enabling student talk and dialogic practice",high,3,1,"think-pair-share; mixed ability; scaffolding; revoicing; sentence frames; time limits; participation; dialogic","Coaches provide concrete scaffolds such as sentence frames, pre-teaching of key vocabulary, and structured activities (e.g., gallery walks, sticky notes) to activate student talk and higher-order thinking. These strategies aim to shift classroom dynamics from teacher-led exposition to student-centered dialogue."
"Adoption of Dialogic Questioning Strategies",high,3,1,"dialogic questioning; student talk; prompts; reasoning; wait time; cold call; questioning; dialogic","Teachers are explicitly deploying open-ended, student-centered questions to stimulate discussion and reasoning in the STEM lesson, indicating uptake of dialogic teaching techniques."
"Language as a Barrier to STEM and Dialogic Participation",high,3,1,"language barrier; English proficiency; vocabulary; STEM mastery; time; translation; cognitive load; attendance","Teachers identify that students' limited English vocabulary and comprehension impede their ability to engage in STEM reasoning and dialogic talk, raising questions about the role of language proficiency in STEM mastery."
"Language Barriers and Translation Dependency",high,3,1,"translation; English confidence; language barrier; native language; not confident; English; elicitation; comprehension","Teachers and students struggle with English proficiency, leading to reliance on native language translation when comprehension stalls, which hinders dialogic talk in English."
"Persistent pedagogical barriers: teacher-centered habits and competing priorities",high,3,1,"English proficiency; barrier; teacher-led; control; exams; lesson planning; time constraints; attendance","Barriers include ingrained teacher-led practices, lack of deep reflection on reasons for change, and time constraints from exams or lesson planning that divert focus from dialogic strategies."
"Barriers to implementation and student understanding in dialogic lessons",high,3,1,"exams; interruption; lesson planning; focus; time overrun; abstract metaphor; confusion; dominating students","Despite coaching efforts, teachers encounter persistent difficulties when implementing dialogic strategies, such as low student comprehension, reliance on teacher talk, and failure to achieve learning objectives. These barriers reveal gaps between intended dialogic practice and actual classroom outcomes."
"Pedagogical Barriers: Diverse Student Needs and Curriculum Constraints",high,3,1,"diverse learning pace; inclusivity; curriculum goals; barrier; barriers; diverse learning paces","Teachers face challenges in managing groups with diverse learning paces and ensuring inclusivity while meeting rigid curriculum goals, which can hinder effective dialogic talk and student engagement."
"Language and confidence barriers in student talk",moderate,2,0.6667,"improvement; confidence; peer; outside; English proficiency; language barrier; hesitation; English","Students predominantly use Malay or Iban, with only a few attempting full English responses, indicating low confidence and limited English production during dialogic activities."
"Student Talk and Engagement Outcomes",moderate,2,0.6667,"active engagement; gallery walk; sticky notes; higher-order thinking; walkie-talkie; engagement; student voice; creativity","The use of dialogic strategies leads to observable increases in student participation, including quieter students speaking more, more hands raised, and extended opportunities for English use outside the classroom."
"Dialogic Strategies for Managing Student Talk",moderate,2,0.6667,"wait time; think-pair-share; cold call; revoicing; talk partners; distributed talk; dialogic strategies","Teachers adopt specific strategies such as wait time, cold call, talk partners, and think-pair-share to increase student talk and participation, though implementation requires adjustment (e.g., longer wait time)."
"Managing group dynamics and participation",moderate,2,0.6667,"group dynamics; dominant; drift; participation; pacing; weaker students; classroom rules; cold call","Teachers face challenges with dominant pupils leading discussions, weaker pupils copying answers, and some students disengaging, requiring strategies like cold calling and extended wait times to manage talk."
"Language Scaffolding for English Talk",moderate,2,0.6667,"pre-teaching; sentence frames; vocabulary; student responses; scaffolding; avoid translation; vocabulary support; star system","Teachers used explicit scaffolding tools—such as a star system for moving from native languages to full English, and laminated sentence frames—to build students' confidence and capacity for speaking English in STEM contexts."
"Adoption of Dialogic Strategies",moderate,2,0.6667,"think-pair-share; revoicing; coaching support; strategy adoption; talk phones; sentence frames; card cues; dialogic homework","Teachers actively adopt and experiment with specific dialogic strategies such as Think-Pair-Share, wait time, card cues, and peer assessment, often with coaching input, to structure and enhance student talk."
"Structured dialogic strategies to promote equitable student participation",moderate,2,0.6667,"wait time; think-pair-share; participation; speaking English; Gradual Release of Responsibility; dialogic questioning; time limits; talk partners","Teachers adopt structured strategies like think-pair-share, talk partners, and wait time to distribute student talk and move beyond dominant voices, directly supporting the shift toward dialogic practice in English-medium STEM lessons."
"Heightened awareness and cognitive dissonance in professional growth",moderate,2,0.6667,"growth mindset; awareness; cognitive dissonance; professional learning; reflection","Teachers undergoing coaching experience a paradox where increased pedagogical knowledge leads to feeling less competent, as they become more aware of their practice gaps. This is explicitly articulated in baseline assessments and reflections, indicating a psychological shift that supports dialogic teaching adoption."
"Reflective Practice and Self-Evaluation",moderate,2,0.6667,"reflection; self-questioning; coaching; instructional decisions; instructional choices; responsiveness","Post-lesson coaching reflections reveal teachers critically questioning their instructional choices and responsiveness to students, indicating coaching's role in fostering deep self-evaluation."
"Structured Time Management for Student Talk",moderate,2,0.6667,"time management; lesson structure; student discussion; synthesis; time allocation; student-led discussion; structured plan","Dialogic lessons are deliberately structured with timed segments for teacher prompt, student discussion, and synthesis, while reflections question the effectiveness of time use, highlighting time as a key factor in managing student talk."
"Scaffolding for lower-ability students",moderate,2,0.6667,"mixed ability; scaffolding; visual aids; lower-achieving","Strategies like mixed-ability pairing, visual aids, and concrete-pictorial-abstract methods are used to support lower-achieving students in STEM contexts."
"Language scaffolding and code-switching to support English use in DLP",moderate,2,0.6667,"code-switching; vocabulary support; sentence frames; bilingual","Teachers scaffold English output through sentence frames, vocabulary support, and strategic code-switching to native languages while emphasizing English terms, addressing the dual-language challenge in STEM instruction."
"Teacher internal shifts toward adaptive and student-centered instruction",moderate,2,0.6667,"lesson pace; student understanding; scheme of work; internal shift; adaptive instruction; confidence","Teachers begin prioritizing student understanding over strict adherence to schemes of work, adapting lesson pace and pairing students strategically, reflecting a mindset shift that supports dialogic practice and learner confidence."
"Pedagogical barriers: syllabus pace, student readiness, and depth of questioning",moderate,2,0.6667,"syllabus difficulty; student readiness; goal-setting; coaching challenge; syllabus pace; student understanding; confidence; questioning depth","Teachers encounter barriers such as curriculum pace mismatched with student level, low student confidence, and difficulty grasping deeper coaching questions, which impede effective implementation of dialogic strategies."
"Language confidence and bilingual deficit as a barrier",moderate,2,0.6667,"confidence; shy; broken English; bilingual deficit; language confidence; English; shyness; native language retreat","Students' lack of confidence in English triggers retreat into native language translation, but structured vocabulary support and repeated oral practice gradually build willingness to speak, even in broken English."
"Scaffolding strategies for HOTS and vocabulary",moderate,2,0.6667,"sentence frames; vocabulary pyramid; dual coding; role cards; scaffolding; vocabulary strategies","Teachers employ structured scaffolds like sentence frames, vocabulary pyramids, dual coding, and role cards to support student reasoning, participation, and higher-order thinking, though some scaffolds can create pacing issues."