theme_label,description,tier,occurrence,run_count,consistency_ratio,keywords,supporting_quotes,retrieved_evidence,participating_seeds,annotation_status,annotation_note
"Professional development, coaching and reflective self-assessment","A structured PD framework with five domains, baseline self-assessment, and coaching conversations frames teachers' growth, with an ethos that increasing awareness can make progress feel uncertain even as it develops.",high,3,3,1,coaching; baseline scores; self-assessment; professional development; baseline; domains; reflective practice; coachees,,"Healery Baseline; application/vnd.google-apps.document; Baseline scores from April.    Scores are based on 1 - 4  Emerging: 1. / Evolving: 2 /  Embedding: 3 /  Excelling: 4
The 5 domains are:Domain 1: Dialogic Teaching.Domain 2: Use of English for InstructionDomain 3: Assessment for Learning.Domain 4: Reflective Practice.Domain 5: Leading Professional Development.




It is not expected that you progress in everything.  Sometimes, the more we learn, the more we feel that we know less.  That’s because we are more aware of what we are doing.; Baseline scores from April.    Scores are based on 1 - 4  Emerging: 1. / Evolving: 2 /  Embedding: 3 /  Excelling: 4
The 5 domains are:Domain 1: Dialogic Teaching.Domain 2: Use of English for InstructionDomain 3: Assessment for Learning.Domain 4: Reflective Practice.Domain 5: Leading Professional Development.




It is not expected that you progress in everything.  Sometimes, the more we learn, the more we feel that we know less.  That’s because we are more aware of what we are doing.Here are the skills you self-assessed against.Getting students to explain a concept in their own words in English.Helping students use reasoning language to develop thinking.Planning talk activities that build understanding of concepts	.Knowing which vocabulary to pre-teach before a lesson and how to teach it through talk.Helping students write or speak about ideas  with structure.; https://docs.google.com/document/d/1otsTqfE2ZqYQePcsU9zYsC5jzeQXcdmAqJeCf1fNG74/edit?usp=drivesdk | Carolyn Baseline; application/vnd.google-apps.document; Baseline scores from April.    Scores are based on 1 - 4  Emerging: 1. / Evolving: 2 /  Embedding: 3 /  Excelling: 4
The 5 domains are:Domain 1: Dialogic Teaching.Domain 2: Use of English for InstructionDomain 3: Assessment for Learning.Domain 4: Reflective Practice.Domain 5: Leading Professional Development.


It is not expected that you progress in everything.  Sometimes, the more we learn, the more we feel that we know less.  That’s because we are more aware of what we are doing.H; Baseline scores from April.    Scores are based on 1 - 4  Emerging: 1. / Evolving: 2 /  Embedding: 3 /  Excelling: 4
The 5 domains are:Domain 1: Dialogic Teaching.Domain 2: Use of English for InstructionDomain 3: Assessment for Learning.Domain 4: Reflective Practice.Domain 5: Leading Professional Development.


It is not expected that you progress in everything.  Sometimes, the more we learn, the more we feel that we know less.  That’s because we are more aware of what we are doing.Here are the skills you self-assessed against.Getting students to explain a concept in their own words in English.Helping students use reasoning language to develop thinking.Planning talk activities that build understanding of concepts	.Knowing which vocabulary to pre-teach before a lesson and how to teach it through talk.Helping students write or speak about ideas  with structure.; https://docs.google.com/document/d/1MLBl_UTZNCaief3rq-Db58KJ9PiP5Jg8gV_Q8wXThrM/edit?usp=drivesdk | Anthony Baseline information; application/vnd.google-apps.document; Baseline scores from April.    Scores are based on 1 - 4  Emerging: 1. / Evolving: 2 /  Embedding: 3 /  Excelling: 4
The 5 domains are:Domain 1: Dialogic Teaching.Domain 2: Use of English for InstructionDomain 3: Assessment for Learning.Domain 4: Reflective Practice.Domain 5: Leading Professional Development.

It is not expected that you progress in everything.  Sometimes, the more we learn, the more we feel that we know less.  That’s because we are more aware of what we are doing.H; Baseline scores from April.    Scores are based on 1 - 4  Emerging: 1. / Evolving: 2 /  Embedding: 3 /  Excelling: 4
The 5 domains are:Domain 1: Dialogic Teaching.Domain 2: Use of English for InstructionDomain 3: Assessment for Learning.Domain 4: Reflective Practice.Domain 5: Leading Professional Development.

It is not expected that you progress in everything.  Sometimes, the more we learn, the more we feel that we know less.  That’s because we are more aware of what we are doing.Here are the skills you self-assessed against.A) Getting students to explain a concept in their own words in English.B) Helping students use reasoning language to develop thinking.C) Planning talk activities that build understanding of concepts	.D) Knowing which vocabulary to pre-teach before a lesson and how to teach it through talk.E) Helping students write or speak about ideas  with structure.; https://docs.google.com/document/d/14NigJYAuTeQwM13GM7V6ypquL_DbgK3tGKNv8WC0MOs/edit?usp=drivesdk",42; 42; 42; 123; 123; 123; 123; 456; 456; 456; 456,,
"Shift from teacher-centred to dialogic, talk-based pedagogy","Teachers describe moving away from teacher-centred explanation towards structured talk activities like Think-Pair-Share, motivated by coaching and professional development, with the aim of building students' confidence and communication skills in maths.",high,3,3,1,teacher centred; Think-Pair-Share; dialogic teaching; group work; dialogic; English; vocabulary; talk,,"application/vnd.google-apps.document; Coaching Conversation Summary:Strategies Used or Attempted by Habib
Dialogic Teaching: Following specific steps and modeling techniques to encourage classroom talk.Wait Time Cards: Using physical cards to track and enforce one-minute wait times for ""what"" and ""why"" questions to keep the lesson on plan and prevent certain students from monopolizing the class.Visual Vocabulary Board: Maintaining a list of key mathematical terms in English (e.g., fraction, numerator, denominator) on the side; Coaching Conversation Summary:Strategies Used or Attempted by Habib
Dialogic Teaching: Following specific steps and modeling techniques to encourage classroom talk.Wait Time Cards: Using physical cards to track and enforce one-minute wait times for ""what"" and ""why"" questions to keep the lesson on plan and prevent certain students from monopolizing the class.Visual Vocabulary Board: Maintaining a list of key mathematical terms in English (e.g., fraction, numerator, denominator) on the side of the whiteboard as a constant reference.
Walkie-Talkies: Introducing walkie-talkies to allow shy or less confident students to participate by speaking into the device from a separate space.
Color Wheel/Spinner: Using a digital wheel to randomly select students to speak, ensuring broader participation.
""I Do, We Do, You Do"": A phased approach to instruction that includes teacher modeling, group work, and independent practice.
Differentiated Worksheets: Providing exercises with varying level; https://docs.google.com/document/d/1xY9WLhzGCkqVs8JphTT3Krtu79Bq8NBWQHWJMnyTwKg/edit?usp=drivesdk | Photo from Crlyne_🌸.jpg; Student Confidence Survey
I often speak English at home.
I often speak English outside of the classroom and around the...
If I don't understand my teacher will usually translate for me.
My teacher always checks that I understand what they have...
I often talk with other students to share ideas.
My teacher gives me enough 'thinking time'.
My teacher asks me questions I can answer.
I enjoy English lessons.
I feel confident speaking during English lessons
0% 10% 20% 30% 40% 50% 60% 70% 80% 90% 100; Student Confidence Survey
I often speak English at home.
I often speak English outside of the classroom and around the...
If I don't understand my teacher will usually translate for me.
My teacher always checks that I understand what they have...
I often talk with other students to share ideas.
My teacher gives me enough 'thinking time'.
My teacher asks me questions I can answer.
I enjoy English lessons.
I feel confident speaking during English lessons
0% 10% 20% 30% 40% 50% 60% 70% 80% 90% 100%
:(not confident 1:| reasonably confident
:) very confident; https://drive.google.com/file/d/1UlE7Y9QeyfoHcG7gNyovKLhLcthS6nRT/view?usp=drivesdk | Healery Maths Showcase.pptx; application/vnd.openxmlformats-officedocument.presentationml.presentation; --- Slide 1 ---
Maths Classroom Intervention Showcase

The Action

What was happening before you did this?
Before the coaching and PD I was teaching in a more teacher centred way. I was giving an explanation of the method. Sometimes I used  materials such as powerpoint slides, video and real object (related to topic) to introduce the topic especially for the new topic. I used to give questions to individuals to solve, some pair work and then I would choose students to solve on the main whiteboar; --- Slide 1 ---
Maths Classroom Intervention Showcase

The Action

What was happening before you did this?
Before the coaching and PD I was teaching in a more teacher centred way. I was giving an explanation of the method. Sometimes I used  materials such as powerpoint slides, video and real object (related to topic) to introduce the topic especially for the new topic. I used to give questions to individuals to solve, some pair work and then I would choose students to solve on the main whiteboard and the rest of the students were also solving the exercise given. Then the chosen students explained their solution to the whole class.
What prompted the change:
I wanted to boost their confidence and improve their speaking skills when explaining and communicating with their friends in Math lesson.
 

Healery: Ng Ajau

Think-Pair-Share

--- Slide 2 ---
Maths Classroom Intervention Showcase

Impact: The Effect of Think-Pair-share

Key Observable Results:
Many positive things I have seen; https://docs.google.com/presentation/d/1GVSeTE0mM33h5QPP3dV7N7P9XlGXIPlE/edit?usp=drivesdk&ouid=113312012650990484132&rtpof=true&sd=true",42; 42; 123; 123; 456; 456,,
Lack of lesson clarity and structure,Observation notes reveal uncertainty about whether lesson objectives are communicated to students and limited questioning during instruction.,high,3,3,1,lesson objective; clarity; questioning; planning; reasoning language; explanation; consolidation; structure,,"Habib Lesson Notes Tue 18th August; application/vnd.google-apps.document; NOTES
Lesson started at 9.00
Not sure the Lesson Objective is clear to students.  I am not sure, without referring to the plan.  It’s not referred to again.

Starter activity:  quick sums (timed) children carry out some multiplication sums on a small worksheet.  Most children manage at least half the sums, some complete in time. 

9:12 Habib demonstrating minute hand using a clock.  
Children are in mixed ability groups although weaker students seem to be at the back.
Questions mostly teacher-st; NOTES
Lesson started at 9.00
Not sure the Lesson Objective is clear to students.  I am not sure, without referring to the plan.  It’s not referred to again.

Starter activity:  quick sums (timed) children carry out some multiplication sums on a small worksheet.  Most children manage at least half the sums, some complete in time. 

9:12 Habib demonstrating minute hand using a clock.  
Children are in mixed ability groups although weaker students seem to be at the back.
Questions mostly teacher-student but not many questions yet.
Laminated timetables handed out, which may be used later in the lesson.Some students are not looking at board but this is not addressed.

ACTIVITY 1:  Children work together in mixed ability groups to find answers to questions about minutes / seconds.  On one table some children seem consistently hard to engage, not all the children get the answer of 120 seconds.

More questions from Habib directed at groups to consolidate – articulated well but maybe could be; https://docs.google.com/document/d/1Ai9JC7DO0uGQVGw9FxYnWF59asNzDNMWC3-u1EcJUAY/edit?usp=drivesdk | Lesson Plan on 14.05.2026 Strategies 3.pdf; application/pdf; Lesson Plan for Programme STEM CfBT & LEDC Teacher : Carolyne Anak Thunderbirds 
Learning Strategies 3 : 
Using Phone Call As a Medium Focus Toward Equitable Participation AndReal Time Formative Assesment 
Date
 14 May 2026
Class
 Year 4A
Topic
 Animals
Activity
 Think Pair Share Phone Call
Subject
 Science (DLP)
Content Standard
 Understand characteristics of animals. 
Learning
 Standard Describe animals and their characteristics. 
Learning
Objective
By the end of the lesson, pupils will be abl; Lesson Plan for Programme STEM CfBT & LEDC Teacher : Carolyne Anak Thunderbirds 
Learning Strategies 3 : 
Using Phone Call As a Medium Focus Toward Equitable Participation AndReal Time Formative Assesment 
Date
 14 May 2026
Class
 Year 4A
Topic
 Animals
Activity
 Think Pair Share Phone Call
Subject
 Science (DLP)
Content Standard
 Understand characteristics of animals. 
Learning
 Standard Describe animals and their characteristics. 
Learning
Objective
By the end of the lesson, pupils will be able to: 1. Ask and answer simple questions about animals. 
2. Describe at least 3 animal characteristics correctly. 
Success
 Criteria Pupils can: 
1. Ask questions confidently. 
2. Answer using simple correct sentences. 
Teaching
 Aids ✔ mobile phone prop 
✔ Projector to show the slide ✔ Question already compile in slide
HOTS
 Communication and describing skills. 
Cross CurricularElement
✔ Speaking and listening skills. ✔ Moral Value 
 
✔ Confidence and cooperation. 
Assessment
 Teacher observes; https://drive.google.com/file/d/11so6bXnvWZx7kQhvQeF73rgPsn1eDnCc/view?usp=drivesdk | Joshua Baseline; application/vnd.google-apps.document; Baseline scores from April.    Scores are based on 1 - 4  Emerging: 1. / Evolving: 2 /  Embedding: 3 /  Excelling: 4
The 5 domains are:Domain 1: Dialogic Teaching.Domain 2: Use of English for InstructionDomain 3: Assessment for Learning.Domain 4: Reflective Practice.Domain 5: Leading Professional Development.



It is not expected that you progress in everything.  Sometimes, the more we learn, the more we feel that we know less.  That’s because we are more aware of what we are doing.; Baseline scores from April.    Scores are based on 1 - 4  Emerging: 1. / Evolving: 2 /  Embedding: 3 /  Excelling: 4
The 5 domains are:Domain 1: Dialogic Teaching.Domain 2: Use of English for InstructionDomain 3: Assessment for Learning.Domain 4: Reflective Practice.Domain 5: Leading Professional Development.



It is not expected that you progress in everything.  Sometimes, the more we learn, the more we feel that we know less.  That’s because we are more aware of what we are doing.Here are the skills you self-assessed against.Getting students to explain a concept in their own words in English.Helping students use reasoning language to develop thinking.Planning talk activities that build understanding of concepts	.Knowing which vocabulary to pre-teach before a lesson and how to teach it through talk.Helping students write or speak about ideas  with structure.; https://docs.google.com/document/d/1DcYI6ShQJBBenwxca5OU5jm6x_rZW2SHw_HV45neMUc/edit?usp=drivesdk",42; 123; 123; 456; 456,,
Curriculum-Standard Alignment in Lesson Structuring,"Lesson plans are meticulously organized around a formal curriculum hierarchy (Learning Area, Topic, Content Standard, Learning Standard), with each lesson explicitly mapped to decimal operations standards. This reflects a standards-driven approach to instructional design.",high,3,3,1,Content Standard; Learning Standard; Pdpc Activities; lesson plan; decimals; learning objectives; success criteria; learning objective,,"Healery Maths LP 6 JULAI 2026 [MON].docx; application/vnd.openxmlformats-officedocument.wordprocessingml.document; DAY
DATE


SUBJECT
CLASS

TIME


MONDAY
06
07
2026
MT
4A

0700
0800
60 MINUTES







0930
1000
30 MINUTES
Learning Area

Numbers And Operations







Topic

2.0 Fractions, Decimals And Percentages







Content Standard

2.2 Decimals







Learning Standard

2.2.4. Divide decimals by one-digit number, 10, 100 and 1000, and the quotient up to three decimal places.







Learning Objektive

At the end of the lesson, 20/26 pupils are able to;
correctly divide decimals by a one-digit number wi; DAY
DATE


SUBJECT
CLASS

TIME


MONDAY
06
07
2026
MT
4A

0700
0800
60 MINUTES







0930
1000
30 MINUTES
Learning Area

Numbers And Operations







Topic

2.0 Fractions, Decimals And Percentages







Content Standard

2.2 Decimals







Learning Standard

2.2.4. Divide decimals by one-digit number, 10, 100 and 1000, and the quotient up to three decimal places.







Learning Objektive

At the end of the lesson, 20/26 pupils are able to;
correctly divide decimals by a one-digit number with at least 4 out of 5 correct answers.







Success Criteria

Identify and explain key vocabulary related to decimal division.
Divide decimals by a one-digit number correctly.
Place the decimal point accurately in the quotient.
Explain the steps used to solve decimal division problems.







Pdpc Activities

SESSION 1 (60 MINUTES | 0700 – 0800)
Introduction to the Topic (5 Minutes)
The teacher introduces the lesson and displays the following mathematical vocabulary and definitions on whitebo; https://docs.google.com/document/d/1_u_fAnhis-VR0XT03qq5CXzV0zUskOwA/edit?usp=drivesdk&ouid=113312012650990484132&rtpof=true&sd=true | Slide Presentation for CfBT.pdf; application/pdf; CAROLYNE ANAK THUNDERBIRDS SK NANGA AJAU 
Session Learning Objectives 
The 'Why' 
Connect the 
Malaysian Ministry of Education's macro-goals (DSTIN 2021-2030) to daily classroom impact. 
The 'What' 
Deconstruct the 7 core characteristics of STEM pedagogy and the evolving role of the teacher. 
The 'How' 
• Implement concrete, step-by-step inquiry activities (PBL) and real-time formative 
assessment tools. 
NotebookLM 
The Macro Vision: Policy Meets the Future 
National Policy 
DSTIN 2021-2030 (ST; CAROLYNE ANAK THUNDERBIRDS SK NANGA AJAU 
Session Learning Objectives 
The 'Why' 
Connect the 
Malaysian Ministry of Education's macro-goals (DSTIN 2021-2030) to daily classroom impact. 
The 'What' 
Deconstruct the 7 core characteristics of STEM pedagogy and the evolving role of the teacher. 
The 'How' 
• Implement concrete, step-by-step inquiry activities (PBL) and real-time formative 
assessment tools. 
NotebookLM 
The Macro Vision: Policy Meets the Future 
National Policy 
DSTIN 2021-2030 (STIE Framework) 
Transitioning Malaysia into a high-tech, innovation-led nation by strengthening local R&D and developing an adaptive STEM talent pool. 
Your classroom practice directly fuels the nation's innovation economy. 
Micro Impact 
High-Demand Jobs by 2026 
Equipping students for future careers. Key growth roles: 
• Al Engineer 
Cybersecurity Engineer 
• Big Data Analyst 
• Blockchain Developer 
A NotebookLM 
The 7 Characteristics of STEM Pedagogy 
Solve 
real-world 
Utilize inquiry and pr; https://drive.google.com/file/d/1wYaxw5u05e1ouuURu6ucO__yWI0CZBYu/view?usp=drivesdk | Healery Maths LP Edited version Division  6 JULAI 2026 [MON].docx; application/vnd.openxmlformats-officedocument.wordprocessingml.document; DAY
DATE


SUBJECT
CLASS

TIME


MONDAY
06
07
2026
MT
4A

0700
0800
60 MINUTES







0930
1000
30 MINUTES
Learning Area

Numbers And Operations







Topic

2.0 Fractions, Decimals And Percentages







Content Standard

2.2 Decimals







Learning Standard

2.2.4. Divide decimals by one-digit number, 10, 100 and 1000, and the quotient up to three decimal places.







Learning Objektive

At the end of the lesson, 20/26 pupils are able to;
correctly divide decimals by a one-digit number wi; DAY
DATE


SUBJECT
CLASS

TIME


MONDAY
06
07
2026
MT
4A

0700
0800
60 MINUTES







0930
1000
30 MINUTES
Learning Area

Numbers And Operations







Topic

2.0 Fractions, Decimals And Percentages







Content Standard

2.2 Decimals







Learning Standard

2.2.4. Divide decimals by one-digit number, 10, 100 and 1000, and the quotient up to three decimal places.







Learning Objektive

At the end of the lesson, 20/26 pupils are able to;
correctly divide decimals by a one-digit number with at least 4 out of 5 correct answers.







Success Criteria

Identify and explain key vocabulary related to decimal division.
Divide decimals by a one-digit number correctly.
Place the decimal point accurately in the quotient.
Explain the steps used to solve decimal division problems.







Pdpc Activities

SESSION 1 (60 MINUTES | 0700 – 0800)
Introduction to the Topic (5 Minutes)
The teacher introduces the lesson and displays the following mathematical vocabulary and definitions on whitebo; https://docs.google.com/document/d/1Tc7V-Qt5Refh4tC97-dQYk5iR_zvb5JP/edit?usp=drivesdk&ouid=113312012650990484132&rtpof=true&sd=true",42; 123; 123; 456; 456,,
Uneven engagement in mixed-ability groupings,"Despite mixed-ability grouping, weaker students appear marginalised (seated at the back, disengaged, off-task), and unaddressed inattention signals inconsistent participation and understanding.",high,3,3,1,engagement; weaker students; disengagement; not addressed; mixed ability; participation; off-task,,"Habib Lesson Notes Tue 18th August; application/vnd.google-apps.document; NOTES
Lesson started at 9.00
Not sure the Lesson Objective is clear to students.  I am not sure, without referring to the plan.  It’s not referred to again.

Starter activity:  quick sums (timed) children carry out some multiplication sums on a small worksheet.  Most children manage at least half the sums, some complete in time. 

9:12 Habib demonstrating minute hand using a clock.  
Children are in mixed ability groups although weaker students seem to be at the back.
Questions mostly teacher-st; NOTES
Lesson started at 9.00
Not sure the Lesson Objective is clear to students.  I am not sure, without referring to the plan.  It’s not referred to again.

Starter activity:  quick sums (timed) children carry out some multiplication sums on a small worksheet.  Most children manage at least half the sums, some complete in time. 

9:12 Habib demonstrating minute hand using a clock.  
Children are in mixed ability groups although weaker students seem to be at the back.
Questions mostly teacher-student but not many questions yet.
Laminated timetables handed out, which may be used later in the lesson.Some students are not looking at board but this is not addressed.

ACTIVITY 1:  Children work together in mixed ability groups to find answers to questions about minutes / seconds.  On one table some children seem consistently hard to engage, not all the children get the answer of 120 seconds.

More questions from Habib directed at groups to consolidate – articulated well but maybe could be; https://docs.google.com/document/d/1Ai9JC7DO0uGQVGw9FxYnWF59asNzDNMWC3-u1EcJUAY/edit?usp=drivesdk | Carolyn Baseline; application/vnd.google-apps.document; Baseline scores from April.    Scores are based on 1 - 4  Emerging: 1. / Evolving: 2 /  Embedding: 3 /  Excelling: 4
The 5 domains are:Domain 1: Dialogic Teaching.Domain 2: Use of English for InstructionDomain 3: Assessment for Learning.Domain 4: Reflective Practice.Domain 5: Leading Professional Development.


It is not expected that you progress in everything.  Sometimes, the more we learn, the more we feel that we know less.  That’s because we are more aware of what we are doing.H; Baseline scores from April.    Scores are based on 1 - 4  Emerging: 1. / Evolving: 2 /  Embedding: 3 /  Excelling: 4
The 5 domains are:Domain 1: Dialogic Teaching.Domain 2: Use of English for InstructionDomain 3: Assessment for Learning.Domain 4: Reflective Practice.Domain 5: Leading Professional Development.


It is not expected that you progress in everything.  Sometimes, the more we learn, the more we feel that we know less.  That’s because we are more aware of what we are doing.Here are the skills you self-assessed against.Getting students to explain a concept in their own words in English.Helping students use reasoning language to develop thinking.Planning talk activities that build understanding of concepts	.Knowing which vocabulary to pre-teach before a lesson and how to teach it through talk.Helping students write or speak about ideas  with structure.; https://docs.google.com/document/d/1MLBl_UTZNCaief3rq-Db58KJ9PiP5Jg8gV_Q8wXThrM/edit?usp=drivesdk | Anthony Baseline information; application/vnd.google-apps.document; Baseline scores from April.    Scores are based on 1 - 4  Emerging: 1. / Evolving: 2 /  Embedding: 3 /  Excelling: 4
The 5 domains are:Domain 1: Dialogic Teaching.Domain 2: Use of English for InstructionDomain 3: Assessment for Learning.Domain 4: Reflective Practice.Domain 5: Leading Professional Development.

It is not expected that you progress in everything.  Sometimes, the more we learn, the more we feel that we know less.  That’s because we are more aware of what we are doing.H; Baseline scores from April.    Scores are based on 1 - 4  Emerging: 1. / Evolving: 2 /  Embedding: 3 /  Excelling: 4
The 5 domains are:Domain 1: Dialogic Teaching.Domain 2: Use of English for InstructionDomain 3: Assessment for Learning.Domain 4: Reflective Practice.Domain 5: Leading Professional Development.

It is not expected that you progress in everything.  Sometimes, the more we learn, the more we feel that we know less.  That’s because we are more aware of what we are doing.Here are the skills you self-assessed against.A) Getting students to explain a concept in their own words in English.B) Helping students use reasoning language to develop thinking.C) Planning talk activities that build understanding of concepts	.D) Knowing which vocabulary to pre-teach before a lesson and how to teach it through talk.E) Helping students write or speak about ideas  with structure.; https://docs.google.com/document/d/14NigJYAuTeQwM13GM7V6ypquL_DbgK3tGKNv8WC0MOs/edit?usp=drivesdk",42; 123; 456,,
Explicit Mathematical Vocabulary Instruction,"Key terminology such as decimal, dividend, divisor and quotient is deliberately taught through definition displays, a vocabulary word search, and pupil vocabulary videos, treating language as central to learning decimal operations.",high,3,3,1,vocabulary; dividend; divisor; word search; quotient; definitions,,"Healery Maths LP 6 JULAI 2026 [MON].docx; application/vnd.openxmlformats-officedocument.wordprocessingml.document; DAY
DATE


SUBJECT
CLASS

TIME


MONDAY
06
07
2026
MT
4A

0700
0800
60 MINUTES







0930
1000
30 MINUTES
Learning Area

Numbers And Operations







Topic

2.0 Fractions, Decimals And Percentages







Content Standard

2.2 Decimals







Learning Standard

2.2.4. Divide decimals by one-digit number, 10, 100 and 1000, and the quotient up to three decimal places.







Learning Objektive

At the end of the lesson, 20/26 pupils are able to;
correctly divide decimals by a one-digit number wi; DAY
DATE


SUBJECT
CLASS

TIME


MONDAY
06
07
2026
MT
4A

0700
0800
60 MINUTES







0930
1000
30 MINUTES
Learning Area

Numbers And Operations







Topic

2.0 Fractions, Decimals And Percentages







Content Standard

2.2 Decimals







Learning Standard

2.2.4. Divide decimals by one-digit number, 10, 100 and 1000, and the quotient up to three decimal places.







Learning Objektive

At the end of the lesson, 20/26 pupils are able to;
correctly divide decimals by a one-digit number with at least 4 out of 5 correct answers.







Success Criteria

Identify and explain key vocabulary related to decimal division.
Divide decimals by a one-digit number correctly.
Place the decimal point accurately in the quotient.
Explain the steps used to solve decimal division problems.







Pdpc Activities

SESSION 1 (60 MINUTES | 0700 – 0800)
Introduction to the Topic (5 Minutes)
The teacher introduces the lesson and displays the following mathematical vocabulary and definitions on whitebo; https://docs.google.com/document/d/1_u_fAnhis-VR0XT03qq5CXzV0zUskOwA/edit?usp=drivesdk&ouid=113312012650990484132&rtpof=true&sd=true | Healery LP 15 JUN 2026.docx; application/vnd.openxmlformats-officedocument.wordprocessingml.document; DATE


SUBJECT
CLASS
TIME


15
06
2026
MT
4A
0700
0800
60 MINUTES





0930
1000
30 MINUTES
Learning Area

Numbers And Operations





Topic

2.0 Fractions, Decimals And Percentages





Content Standard

2.2 Decimals





Learning Standard

2.2.3. Multiply decimals by one-digit number, 10, 100 and 1000 with the product up to three decimal places.





Learning Objektive

At The End Of The Lesson, 20/26 Pupils Are Able To;
correctly multiply decimals by a one-digit number in at least 4 out of 5; DATE


SUBJECT
CLASS
TIME


15
06
2026
MT
4A
0700
0800
60 MINUTES





0930
1000
30 MINUTES
Learning Area

Numbers And Operations





Topic

2.0 Fractions, Decimals And Percentages





Content Standard

2.2 Decimals





Learning Standard

2.2.3. Multiply decimals by one-digit number, 10, 100 and 1000 with the product up to three decimal places.





Learning Objektive

At The End Of The Lesson, 20/26 Pupils Are Able To;
correctly multiply decimals by a one-digit number in at least 4 out of 5 questions.





Success Criteria

Explain the steps for multiplying decimals by a one-digit number.
Solve multiplication problems involving decimals correctly.
Justify their answers during class discussion.
Complete at least 4 out of 5 questions correctly.





Pdpc Activities

SESSION 1 (60 Minutes | 0700 – 0800)
Set Induction (10 Minutes)
Teacher displays pictures (slide) showing prices of items (e.g., RM2.50, RM3.75, RM4.20).
Ask pupils:
""Where do we see decimals in daily life?""
""How can we; https://docs.google.com/document/d/1jp3hBrCmMx0bjFDtz5VkXhA_w1Qlje-5/edit?usp=drivesdk&ouid=113312012650990484132&rtpof=true&sd=true | Healery Maths LP Edited version Division  6 JULAI 2026 [MON].docx; application/vnd.openxmlformats-officedocument.wordprocessingml.document; DAY
DATE


SUBJECT
CLASS

TIME


MONDAY
06
07
2026
MT
4A

0700
0800
60 MINUTES







0930
1000
30 MINUTES
Learning Area

Numbers And Operations







Topic

2.0 Fractions, Decimals And Percentages







Content Standard

2.2 Decimals







Learning Standard

2.2.4. Divide decimals by one-digit number, 10, 100 and 1000, and the quotient up to three decimal places.







Learning Objektive

At the end of the lesson, 20/26 pupils are able to;
correctly divide decimals by a one-digit number wi; DAY
DATE


SUBJECT
CLASS

TIME


MONDAY
06
07
2026
MT
4A

0700
0800
60 MINUTES







0930
1000
30 MINUTES
Learning Area

Numbers And Operations







Topic

2.0 Fractions, Decimals And Percentages







Content Standard

2.2 Decimals







Learning Standard

2.2.4. Divide decimals by one-digit number, 10, 100 and 1000, and the quotient up to three decimal places.







Learning Objektive

At the end of the lesson, 20/26 pupils are able to;
correctly divide decimals by a one-digit number with at least 4 out of 5 correct answers.







Success Criteria

Identify and explain key vocabulary related to decimal division.
Divide decimals by a one-digit number correctly.
Place the decimal point accurately in the quotient.
Explain the steps used to solve decimal division problems.







Pdpc Activities

SESSION 1 (60 MINUTES | 0700 – 0800)
Introduction to the Topic (5 Minutes)
The teacher introduces the lesson and displays the following mathematical vocabulary and definitions on whitebo; https://docs.google.com/document/d/1Tc7V-Qt5Refh4tC97-dQYk5iR_zvb5JP/edit?usp=drivesdk&ouid=113312012650990484132&rtpof=true&sd=true",42; 123; 456,,
Measurable mastery-oriented objectives and success criteria,"Learning outcomes are quantified with explicit performance thresholds (a target proportion of pupils and a minimum number of correct answers), and success criteria break objectives into observable behaviours such as explaining, solving, and justifying.",high,3,3,1,20/26 pupils; 4 out of 5; success criteria; justify; mastery; objectives; learning objective,,"Carolyn Baseline; application/vnd.google-apps.document; Baseline scores from April.    Scores are based on 1 - 4  Emerging: 1. / Evolving: 2 /  Embedding: 3 /  Excelling: 4
The 5 domains are:Domain 1: Dialogic Teaching.Domain 2: Use of English for InstructionDomain 3: Assessment for Learning.Domain 4: Reflective Practice.Domain 5: Leading Professional Development.


It is not expected that you progress in everything.  Sometimes, the more we learn, the more we feel that we know less.  That’s because we are more aware of what we are doing.H; Baseline scores from April.    Scores are based on 1 - 4  Emerging: 1. / Evolving: 2 /  Embedding: 3 /  Excelling: 4
The 5 domains are:Domain 1: Dialogic Teaching.Domain 2: Use of English for InstructionDomain 3: Assessment for Learning.Domain 4: Reflective Practice.Domain 5: Leading Professional Development.


It is not expected that you progress in everything.  Sometimes, the more we learn, the more we feel that we know less.  That’s because we are more aware of what we are doing.Here are the skills you self-assessed against.Getting students to explain a concept in their own words in English.Helping students use reasoning language to develop thinking.Planning talk activities that build understanding of concepts	.Knowing which vocabulary to pre-teach before a lesson and how to teach it through talk.Helping students write or speak about ideas  with structure.; https://docs.google.com/document/d/1MLBl_UTZNCaief3rq-Db58KJ9PiP5Jg8gV_Q8wXThrM/edit?usp=drivesdk | Joshua Baseline; application/vnd.google-apps.document; Baseline scores from April.    Scores are based on 1 - 4  Emerging: 1. / Evolving: 2 /  Embedding: 3 /  Excelling: 4
The 5 domains are:Domain 1: Dialogic Teaching.Domain 2: Use of English for InstructionDomain 3: Assessment for Learning.Domain 4: Reflective Practice.Domain 5: Leading Professional Development.



It is not expected that you progress in everything.  Sometimes, the more we learn, the more we feel that we know less.  That’s because we are more aware of what we are doing.; Baseline scores from April.    Scores are based on 1 - 4  Emerging: 1. / Evolving: 2 /  Embedding: 3 /  Excelling: 4
The 5 domains are:Domain 1: Dialogic Teaching.Domain 2: Use of English for InstructionDomain 3: Assessment for Learning.Domain 4: Reflective Practice.Domain 5: Leading Professional Development.



It is not expected that you progress in everything.  Sometimes, the more we learn, the more we feel that we know less.  That’s because we are more aware of what we are doing.Here are the skills you self-assessed against.Getting students to explain a concept in their own words in English.Helping students use reasoning language to develop thinking.Planning talk activities that build understanding of concepts	.Knowing which vocabulary to pre-teach before a lesson and how to teach it through talk.Helping students write or speak about ideas  with structure.; https://docs.google.com/document/d/1DcYI6ShQJBBenwxca5OU5jm6x_rZW2SHw_HV45neMUc/edit?usp=drivesdk | Lesson Plan on 14.05.2026 Strategies 3.pdf; application/pdf; Lesson Plan for Programme STEM CfBT & LEDC Teacher : Carolyne Anak Thunderbirds 
Learning Strategies 3 : 
Using Phone Call As a Medium Focus Toward Equitable Participation AndReal Time Formative Assesment 
Date
 14 May 2026
Class
 Year 4A
Topic
 Animals
Activity
 Think Pair Share Phone Call
Subject
 Science (DLP)
Content Standard
 Understand characteristics of animals. 
Learning
 Standard Describe animals and their characteristics. 
Learning
Objective
By the end of the lesson, pupils will be abl; Lesson Plan for Programme STEM CfBT & LEDC Teacher : Carolyne Anak Thunderbirds 
Learning Strategies 3 : 
Using Phone Call As a Medium Focus Toward Equitable Participation AndReal Time Formative Assesment 
Date
 14 May 2026
Class
 Year 4A
Topic
 Animals
Activity
 Think Pair Share Phone Call
Subject
 Science (DLP)
Content Standard
 Understand characteristics of animals. 
Learning
 Standard Describe animals and their characteristics. 
Learning
Objective
By the end of the lesson, pupils will be able to: 1. Ask and answer simple questions about animals. 
2. Describe at least 3 animal characteristics correctly. 
Success
 Criteria Pupils can: 
1. Ask questions confidently. 
2. Answer using simple correct sentences. 
Teaching
 Aids ✔ mobile phone prop 
✔ Projector to show the slide ✔ Question already compile in slide
HOTS
 Communication and describing skills. 
Cross CurricularElement
✔ Speaking and listening skills. ✔ Moral Value 
 
✔ Confidence and cooperation. 
Assessment
 Teacher observes; https://drive.google.com/file/d/11so6bXnvWZx7kQhvQeF73rgPsn1eDnCc/view?usp=drivesdk",42; 123; 456,,
Real-World Contextualization and Multimedia Engagement,"Decimals are introduced through familiar daily-life contexts such as item prices in ringgit, while teaching is supported by an array of digital and multimedia resources including slides, videos, and Google Drive materials.",high,3,3,1,daily life; prices; slides; videos; RM2.50; set induction; multimedia,,"Healery Maths LP 6 JULAI 2026 [MON].docx; application/vnd.openxmlformats-officedocument.wordprocessingml.document; DAY
DATE


SUBJECT
CLASS

TIME


MONDAY
06
07
2026
MT
4A

0700
0800
60 MINUTES







0930
1000
30 MINUTES
Learning Area

Numbers And Operations







Topic

2.0 Fractions, Decimals And Percentages







Content Standard

2.2 Decimals







Learning Standard

2.2.4. Divide decimals by one-digit number, 10, 100 and 1000, and the quotient up to three decimal places.







Learning Objektive

At the end of the lesson, 20/26 pupils are able to;
correctly divide decimals by a one-digit number wi; DAY
DATE


SUBJECT
CLASS

TIME


MONDAY
06
07
2026
MT
4A

0700
0800
60 MINUTES







0930
1000
30 MINUTES
Learning Area

Numbers And Operations







Topic

2.0 Fractions, Decimals And Percentages







Content Standard

2.2 Decimals







Learning Standard

2.2.4. Divide decimals by one-digit number, 10, 100 and 1000, and the quotient up to three decimal places.







Learning Objektive

At the end of the lesson, 20/26 pupils are able to;
correctly divide decimals by a one-digit number with at least 4 out of 5 correct answers.







Success Criteria

Identify and explain key vocabulary related to decimal division.
Divide decimals by a one-digit number correctly.
Place the decimal point accurately in the quotient.
Explain the steps used to solve decimal division problems.







Pdpc Activities

SESSION 1 (60 MINUTES | 0700 – 0800)
Introduction to the Topic (5 Minutes)
The teacher introduces the lesson and displays the following mathematical vocabulary and definitions on whitebo; https://docs.google.com/document/d/1_u_fAnhis-VR0XT03qq5CXzV0zUskOwA/edit?usp=drivesdk&ouid=113312012650990484132&rtpof=true&sd=true | Healery LP 15 JUN 2026.docx; application/vnd.openxmlformats-officedocument.wordprocessingml.document; DATE


SUBJECT
CLASS
TIME


15
06
2026
MT
4A
0700
0800
60 MINUTES





0930
1000
30 MINUTES
Learning Area

Numbers And Operations





Topic

2.0 Fractions, Decimals And Percentages





Content Standard

2.2 Decimals





Learning Standard

2.2.3. Multiply decimals by one-digit number, 10, 100 and 1000 with the product up to three decimal places.





Learning Objektive

At The End Of The Lesson, 20/26 Pupils Are Able To;
correctly multiply decimals by a one-digit number in at least 4 out of 5; DATE


SUBJECT
CLASS
TIME


15
06
2026
MT
4A
0700
0800
60 MINUTES





0930
1000
30 MINUTES
Learning Area

Numbers And Operations





Topic

2.0 Fractions, Decimals And Percentages





Content Standard

2.2 Decimals





Learning Standard

2.2.3. Multiply decimals by one-digit number, 10, 100 and 1000 with the product up to three decimal places.





Learning Objektive

At The End Of The Lesson, 20/26 Pupils Are Able To;
correctly multiply decimals by a one-digit number in at least 4 out of 5 questions.





Success Criteria

Explain the steps for multiplying decimals by a one-digit number.
Solve multiplication problems involving decimals correctly.
Justify their answers during class discussion.
Complete at least 4 out of 5 questions correctly.





Pdpc Activities

SESSION 1 (60 Minutes | 0700 – 0800)
Set Induction (10 Minutes)
Teacher displays pictures (slide) showing prices of items (e.g., RM2.50, RM3.75, RM4.20).
Ask pupils:
""Where do we see decimals in daily life?""
""How can we; https://docs.google.com/document/d/1jp3hBrCmMx0bjFDtz5VkXhA_w1Qlje-5/edit?usp=drivesdk&ouid=113312012650990484132&rtpof=true&sd=true | Healery Maths LP Edited version Division  6 JULAI 2026 [MON].docx; application/vnd.openxmlformats-officedocument.wordprocessingml.document; DAY
DATE


SUBJECT
CLASS

TIME


MONDAY
06
07
2026
MT
4A

0700
0800
60 MINUTES







0930
1000
30 MINUTES
Learning Area

Numbers And Operations







Topic

2.0 Fractions, Decimals And Percentages







Content Standard

2.2 Decimals







Learning Standard

2.2.4. Divide decimals by one-digit number, 10, 100 and 1000, and the quotient up to three decimal places.







Learning Objektive

At the end of the lesson, 20/26 pupils are able to;
correctly divide decimals by a one-digit number wi; DAY
DATE


SUBJECT
CLASS

TIME


MONDAY
06
07
2026
MT
4A

0700
0800
60 MINUTES







0930
1000
30 MINUTES
Learning Area

Numbers And Operations







Topic

2.0 Fractions, Decimals And Percentages







Content Standard

2.2 Decimals







Learning Standard

2.2.4. Divide decimals by one-digit number, 10, 100 and 1000, and the quotient up to three decimal places.







Learning Objektive

At the end of the lesson, 20/26 pupils are able to;
correctly divide decimals by a one-digit number with at least 4 out of 5 correct answers.







Success Criteria

Identify and explain key vocabulary related to decimal division.
Divide decimals by a one-digit number correctly.
Place the decimal point accurately in the quotient.
Explain the steps used to solve decimal division problems.







Pdpc Activities

SESSION 1 (60 MINUTES | 0700 – 0800)
Introduction to the Topic (5 Minutes)
The teacher introduces the lesson and displays the following mathematical vocabulary and definitions on whitebo; https://docs.google.com/document/d/1Tc7V-Qt5Refh4tC97-dQYk5iR_zvb5JP/edit?usp=drivesdk&ouid=113312012650990484132&rtpof=true&sd=true",42; 123; 456,,
STEM pedagogy aligned with national policy and future careers,"The teacher's presentation links classroom STEM practice (inquiry, PBL, formative assessment) to Malaysia's DSTIN 2021-2030 goals and to equipping students for high-demand future jobs, positioning daily teaching as fueling the national innovation economy.",high,3,3,1,STEM; DSTIN 2021-2030; inquiry; PBL; STEM pedagogy; future careers; policy,,"Slide Presentation for CfBT.pdf; application/pdf; CAROLYNE ANAK THUNDERBIRDS SK NANGA AJAU 
Session Learning Objectives 
The 'Why' 
Connect the 
Malaysian Ministry of Education's macro-goals (DSTIN 2021-2030) to daily classroom impact. 
The 'What' 
Deconstruct the 7 core characteristics of STEM pedagogy and the evolving role of the teacher. 
The 'How' 
• Implement concrete, step-by-step inquiry activities (PBL) and real-time formative 
assessment tools. 
NotebookLM 
The Macro Vision: Policy Meets the Future 
National Policy 
DSTIN 2021-2030 (ST; CAROLYNE ANAK THUNDERBIRDS SK NANGA AJAU 
Session Learning Objectives 
The 'Why' 
Connect the 
Malaysian Ministry of Education's macro-goals (DSTIN 2021-2030) to daily classroom impact. 
The 'What' 
Deconstruct the 7 core characteristics of STEM pedagogy and the evolving role of the teacher. 
The 'How' 
• Implement concrete, step-by-step inquiry activities (PBL) and real-time formative 
assessment tools. 
NotebookLM 
The Macro Vision: Policy Meets the Future 
National Policy 
DSTIN 2021-2030 (STIE Framework) 
Transitioning Malaysia into a high-tech, innovation-led nation by strengthening local R&D and developing an adaptive STEM talent pool. 
Your classroom practice directly fuels the nation's innovation economy. 
Micro Impact 
High-Demand Jobs by 2026 
Equipping students for future careers. Key growth roles: 
• Al Engineer 
Cybersecurity Engineer 
• Big Data Analyst 
• Blockchain Developer 
A NotebookLM 
The 7 Characteristics of STEM Pedagogy 
Solve 
real-world 
Utilize inquiry and pr; https://drive.google.com/file/d/1wYaxw5u05e1ouuURu6ucO__yWI0CZBYu/view?usp=drivesdk | Lesson Plan on 14.05.2026 Strategies 3.pdf; application/pdf; Lesson Plan for Programme STEM CfBT & LEDC Teacher : Carolyne Anak Thunderbirds 
Learning Strategies 3 : 
Using Phone Call As a Medium Focus Toward Equitable Participation AndReal Time Formative Assesment 
Date
 14 May 2026
Class
 Year 4A
Topic
 Animals
Activity
 Think Pair Share Phone Call
Subject
 Science (DLP)
Content Standard
 Understand characteristics of animals. 
Learning
 Standard Describe animals and their characteristics. 
Learning
Objective
By the end of the lesson, pupils will be abl; Lesson Plan for Programme STEM CfBT & LEDC Teacher : Carolyne Anak Thunderbirds 
Learning Strategies 3 : 
Using Phone Call As a Medium Focus Toward Equitable Participation AndReal Time Formative Assesment 
Date
 14 May 2026
Class
 Year 4A
Topic
 Animals
Activity
 Think Pair Share Phone Call
Subject
 Science (DLP)
Content Standard
 Understand characteristics of animals. 
Learning
 Standard Describe animals and their characteristics. 
Learning
Objective
By the end of the lesson, pupils will be able to: 1. Ask and answer simple questions about animals. 
2. Describe at least 3 animal characteristics correctly. 
Success
 Criteria Pupils can: 
1. Ask questions confidently. 
2. Answer using simple correct sentences. 
Teaching
 Aids ✔ mobile phone prop 
✔ Projector to show the slide ✔ Question already compile in slide
HOTS
 Communication and describing skills. 
Cross CurricularElement
✔ Speaking and listening skills. ✔ Moral Value 
 
✔ Confidence and cooperation. 
Assessment
 Teacher observes; https://drive.google.com/file/d/11so6bXnvWZx7kQhvQeF73rgPsn1eDnCc/view?usp=drivesdk | Lesson Plan on 17.03.2026 Strategies 1.pdf; application/pdf; Lesson Plan for Programme STEM CfBT & LEDC Teacher : Carolyne Anak Thunderbirds 
Learning Strategies 1: 
Active Engagement And Movement, Peer To Peer Collaboration And Development HighOrder Thinking Skills (Hots) 
Date
 17 March 2026 (Tuesday)
Class
 Year 4A
Topic
 Human
Activity
 Gallery Walk
Subject
 Science (DLP)
Content Standard
 Understand human organs and their functions. 
Learning
 Standard Identify main human organs and explain their functions. 
Learning
 Objective By the end of the less; Lesson Plan for Programme STEM CfBT & LEDC Teacher : Carolyne Anak Thunderbirds 
Learning Strategies 1: 
Active Engagement And Movement, Peer To Peer Collaboration And Development HighOrder Thinking Skills (Hots) 
Date
 17 March 2026 (Tuesday)
Class
 Year 4A
Topic
 Human
Activity
 Gallery Walk
Subject
 Science (DLP)
Content Standard
 Understand human organs and their functions. 
Learning
 Standard Identify main human organs and explain their functions. 
Learning
 Objective By the end of the lesson, pupils will be able to: 1. Identify at least 4 main human organs correctly. 2. Explain the basic function of each organ during the galleryactivity. 
Success Criteria
 Pupils can: 
1. Name the organs correctly. 
2. Explain the function confidently during discussion. 
Teaching
 Aids ✔ Marker pens 
✔ Mahjong paper 
✔ Sticky notes
HOTS
 Analysing and explaining functions of organs. 
Cross CurricularElement
1. Communication skills and teamwork. 
2. Moral Value 
 
3. Cooperation and respect for fr; https://drive.google.com/file/d/1hBilMOFtjQHnZ_g50mJM81uiJn5upnD0/view?usp=drivesdk",42; 123; 456,,
Cross-Curricular Integration of STEM and English,"Learning is deliberately planned across Mathematics, Science, Design and Technology, and English, with English vocabulary and sentence-building embedded in science content and activities.",high,3,3,1,cross-curricular; STEM; science kit; integration; English; DLP; vocabulary,,"application/vnd.google-apps.document; Baseline scores from April.    Scores are based on 1 - 4  Emerging: 1. / Evolving: 2 /  Embedding: 3 /  Excelling: 4
The 5 domains are:Domain 1: Dialogic Teaching.Domain 2: Use of English for InstructionDomain 3: Assessment for Learning.Domain 4: Reflective Practice.Domain 5: Leading Professional Development.



It is not expected that you progress in everything.  Sometimes, the more we learn, the more we feel that we know less.  That’s because we are more aware of what we are doing.H; Baseline scores from April.    Scores are based on 1 - 4  Emerging: 1. / Evolving: 2 /  Embedding: 3 /  Excelling: 4
The 5 domains are:Domain 1: Dialogic Teaching.Domain 2: Use of English for InstructionDomain 3: Assessment for Learning.Domain 4: Reflective Practice.Domain 5: Leading Professional Development.



It is not expected that you progress in everything.  Sometimes, the more we learn, the more we feel that we know less.  That’s because we are more aware of what we are doing.Here are the skills you self-assessed against.Getting students to explain a concept in their own words in English.Helping students use reasoning language to develop thinking.Planning talk activities that build understanding of concepts	.Knowing which vocabulary to pre-teach before a lesson and how to teach it through talk.Helping students write or speak about ideas  with structure.; https://docs.google.com/document/d/1g7JDglvaim6Z0NGzGObCOokxXNwKcvvtVeRkcmUrCcQ/edit?usp=drivesdk | application/vnd.google-apps.document; Baseline scores from April.    Scores are based on 1 - 4  Emerging: 1. / Evolving: 2 /  Embedding: 3 /  Excelling: 4
The 5 domains are:Domain 1: Dialogic Teaching.Domain 2: Use of English for InstructionDomain 3: Assessment for Learning.Domain 4: Reflective Practice.Domain 5: Leading Professional Development.















It is not expected that you progress in everything.  Sometimes, the more we learn, the more we feel that we know less.  That’s because we are more aware of what we; Baseline scores from April.    Scores are based on 1 - 4  
Emerging: 1. / Evolving: 2 /  Embedding: 3 /  Excelling: 4
The 5 domains are:
Domain 1: Dialogic Teaching.
Domain 2: Use of English for Instruction
Domain 3: Assessment for Learning.
Domain 4: Reflective Practice.
Domain 5: Leading Professional Development.
















It is not expected that you progress in everything.  Sometimes, the more we learn, the more we feel that we know less.  That’s because we are more aware of what we are doing.

Here are the skills you self-assessed against.
Getting students to explain a concept in their own words in English.
Helping students use reasoning language to develop thinking.
Planning talk activities that build understanding of concepts        .
Knowing which vocabulary to pre-teach before a lesson and how to teach it through talk.
Helping students write or speak about ideas  with structure.; https://docs.google.com/document/d/1ZP1a1FKhT51Yp0dr5E-WsVqKZ63Wx_Ps0AkCka4HZgY/edit?usp=drivesdk | Anthony Baseline information; application/vnd.google-apps.document; Baseline scores from April.    Scores are based on 1 - 4  Emerging: 1. / Evolving: 2 /  Embedding: 3 /  Excelling: 4
The 5 domains are:Domain 1: Dialogic Teaching.Domain 2: Use of English for InstructionDomain 3: Assessment for Learning.Domain 4: Reflective Practice.Domain 5: Leading Professional Development.

It is not expected that you progress in everything.  Sometimes, the more we learn, the more we feel that we know less.  That’s because we are more aware of what we are doing.H; Baseline scores from April.    Scores are based on 1 - 4  Emerging: 1. / Evolving: 2 /  Embedding: 3 /  Excelling: 4
The 5 domains are:Domain 1: Dialogic Teaching.Domain 2: Use of English for InstructionDomain 3: Assessment for Learning.Domain 4: Reflective Practice.Domain 5: Leading Professional Development.

It is not expected that you progress in everything.  Sometimes, the more we learn, the more we feel that we know less.  That’s because we are more aware of what we are doing.Here are the skills you self-assessed against.A) Getting students to explain a concept in their own words in English.B) Helping students use reasoning language to develop thinking.C) Planning talk activities that build understanding of concepts	.D) Knowing which vocabulary to pre-teach before a lesson and how to teach it through talk.E) Helping students write or speak about ideas  with structure.; https://docs.google.com/document/d/14NigJYAuTeQwM13GM7V6ypquL_DbgK3tGKNv8WC0MOs/edit?usp=drivesdk",42; 123; 456,,
"Hands-On, Station-Based Experiential Learning","Learning is organised around physical, manipulative activities at timed booths and challenges, emphasising doing, building, and investigating rather than passive instruction. Activities include puzzles, experiments, and design challenges across multiple science topics.",high,3,3,1,booth; hands-on; challenge; experiment; puzzle; investigation,,"Lesson Plan on 17.03.2026 Strategies 1.pdf; application/pdf; Lesson Plan for Programme STEM CfBT & LEDC Teacher : Carolyne Anak Thunderbirds 
Learning Strategies 1: 
Active Engagement And Movement, Peer To Peer Collaboration And Development HighOrder Thinking Skills (Hots) 
Date
 17 March 2026 (Tuesday)
Class
 Year 4A
Topic
 Human
Activity
 Gallery Walk
Subject
 Science (DLP)
Content Standard
 Understand human organs and their functions. 
Learning
 Standard Identify main human organs and explain their functions. 
Learning
 Objective By the end of the less; Lesson Plan for Programme STEM CfBT & LEDC Teacher : Carolyne Anak Thunderbirds 
Learning Strategies 1: 
Active Engagement And Movement, Peer To Peer Collaboration And Development HighOrder Thinking Skills (Hots) 
Date
 17 March 2026 (Tuesday)
Class
 Year 4A
Topic
 Human
Activity
 Gallery Walk
Subject
 Science (DLP)
Content Standard
 Understand human organs and their functions. 
Learning
 Standard Identify main human organs and explain their functions. 
Learning
 Objective By the end of the lesson, pupils will be able to: 1. Identify at least 4 main human organs correctly. 2. Explain the basic function of each organ during the galleryactivity. 
Success Criteria
 Pupils can: 
1. Name the organs correctly. 
2. Explain the function confidently during discussion. 
Teaching
 Aids ✔ Marker pens 
✔ Mahjong paper 
✔ Sticky notes
HOTS
 Analysing and explaining functions of organs. 
Cross CurricularElement
1. Communication skills and teamwork. 
2. Moral Value 
 
3. Cooperation and respect for fr; https://drive.google.com/file/d/1hBilMOFtjQHnZ_g50mJM81uiJn5upnD0/view?usp=drivesdk | Lesson Plan on 11.06.2026 Strategies  4.pdf; application/pdf; Lesson Plan for Programme STEM CfBT & LEDC Teacher : Carolyne Anak Thunderbirds 
Learning Strategies 4 : 
Learning Walk & Project Based Learning (PBL) Planting Chillies 

Date
 11 June 2026
Class
 Year 4A
Theme
 Life Science
Topic
 Plants - Conditions Needed for Plant Growth
Activity
 Project Based Learning (PBL) - Planting Chillies(Venue - Hydrophonic Garden/ School Graden)
Duration
 0730-0830 (60 Minutes)
Subject
 Science (DLP)
Content Standard
 Plants
Learning
 Standard Explain the conditions; Lesson Plan for Programme STEM CfBT & LEDC Teacher : Carolyne Anak Thunderbirds 
Learning Strategies 4 : 
Learning Walk & Project Based Learning (PBL) Planting Chillies 

Date
 11 June 2026
Class
 Year 4A
Theme
 Life Science
Topic
 Plants - Conditions Needed for Plant Growth
Activity
 Project Based Learning (PBL) - Planting Chillies(Venue - Hydrophonic Garden/ School Graden)
Duration
 0730-0830 (60 Minutes)
Subject
 Science (DLP)
Content Standard
 Plants
Learning
 Standard Explain the conditions needed for plant growth
Learning
Objective
By the end of the lesson, pupils will be able to: 1. Identify at least 3 conditions needed for plant growth
 
(water, sunlight, air, nutrients). 
2. Plant chili seeds correctly in seedling trays. 3. Record observations and explain how the plantedseeds will grow. 
Success
 Criteria Pupils can: 
1. State the basic needs of plants. 
2. Plant chili seeds following the correct procedure.3. Participate actively during the Learning Walk anddiscussion. 
4. Com; https://drive.google.com/file/d/1u0iXjKySIMxyu4I9lL6df0g_ePTjisoM/view?usp=drivesdk | Habib Lesson Notes Tue 18th August; application/vnd.google-apps.document; NOTES
Lesson started at 9.00
Not sure the Lesson Objective is clear to students.  I am not sure, without referring to the plan.  It’s not referred to again.

Starter activity:  quick sums (timed) children carry out some multiplication sums on a small worksheet.  Most children manage at least half the sums, some complete in time. 

9:12 Habib demonstrating minute hand using a clock.  
Children are in mixed ability groups although weaker students seem to be at the back.
Questions mostly teacher-st; NOTES
Lesson started at 9.00
Not sure the Lesson Objective is clear to students.  I am not sure, without referring to the plan.  It’s not referred to again.

Starter activity:  quick sums (timed) children carry out some multiplication sums on a small worksheet.  Most children manage at least half the sums, some complete in time. 

9:12 Habib demonstrating minute hand using a clock.  
Children are in mixed ability groups although weaker students seem to be at the back.
Questions mostly teacher-student but not many questions yet.
Laminated timetables handed out, which may be used later in the lesson.Some students are not looking at board but this is not addressed.

ACTIVITY 1:  Children work together in mixed ability groups to find answers to questions about minutes / seconds.  On one table some children seem consistently hard to engage, not all the children get the answer of 120 seconds.

More questions from Habib directed at groups to consolidate – articulated well but maybe could be; https://docs.google.com/document/d/1Ai9JC7DO0uGQVGw9FxYnWF59asNzDNMWC3-u1EcJUAY/edit?usp=drivesdk",42; 123; 456,,
Higher-Order Thinking and Scientific Inquiry,"Activities and learning standards consistently promote prediction, testing, observation, analysis, and justification with evidence. HOTS questions and inquiry-based tasks require pupils to reason scientifically rather than merely recall facts.",high,3,3,1,HOTS; predict and test; justify; inquiry; reasoning; analyse,,"Lesson Plan on 17.03.2026 Strategies 1.pdf; application/pdf; Lesson Plan for Programme STEM CfBT & LEDC Teacher : Carolyne Anak Thunderbirds 
Learning Strategies 1: 
Active Engagement And Movement, Peer To Peer Collaboration And Development HighOrder Thinking Skills (Hots) 
Date
 17 March 2026 (Tuesday)
Class
 Year 4A
Topic
 Human
Activity
 Gallery Walk
Subject
 Science (DLP)
Content Standard
 Understand human organs and their functions. 
Learning
 Standard Identify main human organs and explain their functions. 
Learning
 Objective By the end of the less; Lesson Plan for Programme STEM CfBT & LEDC Teacher : Carolyne Anak Thunderbirds 
Learning Strategies 1: 
Active Engagement And Movement, Peer To Peer Collaboration And Development HighOrder Thinking Skills (Hots) 
Date
 17 March 2026 (Tuesday)
Class
 Year 4A
Topic
 Human
Activity
 Gallery Walk
Subject
 Science (DLP)
Content Standard
 Understand human organs and their functions. 
Learning
 Standard Identify main human organs and explain their functions. 
Learning
 Objective By the end of the lesson, pupils will be able to: 1. Identify at least 4 main human organs correctly. 2. Explain the basic function of each organ during the galleryactivity. 
Success Criteria
 Pupils can: 
1. Name the organs correctly. 
2. Explain the function confidently during discussion. 
Teaching
 Aids ✔ Marker pens 
✔ Mahjong paper 
✔ Sticky notes
HOTS
 Analysing and explaining functions of organs. 
Cross CurricularElement
1. Communication skills and teamwork. 
2. Moral Value 
 
3. Cooperation and respect for fr; https://drive.google.com/file/d/1hBilMOFtjQHnZ_g50mJM81uiJn5upnD0/view?usp=drivesdk | Carolyn Baseline; application/vnd.google-apps.document; Baseline scores from April.    Scores are based on 1 - 4  Emerging: 1. / Evolving: 2 /  Embedding: 3 /  Excelling: 4
The 5 domains are:Domain 1: Dialogic Teaching.Domain 2: Use of English for InstructionDomain 3: Assessment for Learning.Domain 4: Reflective Practice.Domain 5: Leading Professional Development.


It is not expected that you progress in everything.  Sometimes, the more we learn, the more we feel that we know less.  That’s because we are more aware of what we are doing.H; Baseline scores from April.    Scores are based on 1 - 4  Emerging: 1. / Evolving: 2 /  Embedding: 3 /  Excelling: 4
The 5 domains are:Domain 1: Dialogic Teaching.Domain 2: Use of English for InstructionDomain 3: Assessment for Learning.Domain 4: Reflective Practice.Domain 5: Leading Professional Development.


It is not expected that you progress in everything.  Sometimes, the more we learn, the more we feel that we know less.  That’s because we are more aware of what we are doing.Here are the skills you self-assessed against.Getting students to explain a concept in their own words in English.Helping students use reasoning language to develop thinking.Planning talk activities that build understanding of concepts	.Knowing which vocabulary to pre-teach before a lesson and how to teach it through talk.Helping students write or speak about ideas  with structure.; https://docs.google.com/document/d/1MLBl_UTZNCaief3rq-Db58KJ9PiP5Jg8gV_Q8wXThrM/edit?usp=drivesdk | Lesson Plan on 14.05.2026 Strategies 3.pdf; application/pdf; Lesson Plan for Programme STEM CfBT & LEDC Teacher : Carolyne Anak Thunderbirds 
Learning Strategies 3 : 
Using Phone Call As a Medium Focus Toward Equitable Participation AndReal Time Formative Assesment 
Date
 14 May 2026
Class
 Year 4A
Topic
 Animals
Activity
 Think Pair Share Phone Call
Subject
 Science (DLP)
Content Standard
 Understand characteristics of animals. 
Learning
 Standard Describe animals and their characteristics. 
Learning
Objective
By the end of the lesson, pupils will be abl; Lesson Plan for Programme STEM CfBT & LEDC Teacher : Carolyne Anak Thunderbirds 
Learning Strategies 3 : 
Using Phone Call As a Medium Focus Toward Equitable Participation AndReal Time Formative Assesment 
Date
 14 May 2026
Class
 Year 4A
Topic
 Animals
Activity
 Think Pair Share Phone Call
Subject
 Science (DLP)
Content Standard
 Understand characteristics of animals. 
Learning
 Standard Describe animals and their characteristics. 
Learning
Objective
By the end of the lesson, pupils will be able to: 1. Ask and answer simple questions about animals. 
2. Describe at least 3 animal characteristics correctly. 
Success
 Criteria Pupils can: 
1. Ask questions confidently. 
2. Answer using simple correct sentences. 
Teaching
 Aids ✔ mobile phone prop 
✔ Projector to show the slide ✔ Question already compile in slide
HOTS
 Communication and describing skills. 
Cross CurricularElement
✔ Speaking and listening skills. ✔ Moral Value 
 
✔ Confidence and cooperation. 
Assessment
 Teacher observes; https://drive.google.com/file/d/11so6bXnvWZx7kQhvQeF73rgPsn1eDnCc/view?usp=drivesdk",42; 123; 456,,